"<built-in function id>","Ervin Howell","False","suscipit repellat esse quibusdam voluptatem incidunt"
"<built-in function id>","Ervin Howell","True","distinctio vitae autem nihil ut molestias quo"
"<built-in function id>","Ervin Howell","False","et itaque necessitatibus maxime molestiae qui quas velit"
"<built-in function id>","Ervin Howell","False","adipisci non ad dicta qui amet quaerat doloribus ea"
"<built-in function id>","Ervin Howell","True","voluptas quo tenetur perspiciatis explicabo natus"
"<built-in function id>","Ervin Howell","True","aliquam aut quasi"
"<built-in function id>","Ervin Howell","True","veritatis pariatur delectus"
"<built-in function id>","Ervin Howell","False","nesciunt totam sit blanditiis sit"
"<built-in function id>","Ervin Howell","False","laborum aut in quam"
"<built-in function id>","Ervin Howell","True","nemo perspiciatis repellat ut dolor libero commodi blanditiis omnis"
"<built-in function id>","Ervin Howell","False","repudiandae totam in est sint facere fuga"
"<built-in function id>","Ervin Howell","False","earum doloribus ea doloremque quis"
"<built-in function id>","Ervin Howell","False","sint sit aut vero"
"<built-in function id>","Ervin Howell","False","porro aut necessitatibus eaque distinctio"
"<built-in function id>","Ervin Howell","True","repellendus veritatis molestias dicta incidunt"
"<built-in function id>","Ervin Howell","True","excepturi deleniti adipisci voluptatem et neque optio illum ad"
"<built-in function id>","Ervin Howell","False","sunt cum tempora"
"<built-in function id>","Ervin Howell","False","totam quia non"
"<built-in function id>","Ervin Howell","False","doloremque quibusdam asperiores libero corrupti illum qui omnis"
"<built-in function id>","Ervin Howell","True","totam atque quo nesciunt"
